{
  "id": "X97.large_scenery.CMC2O",
  "authors": [
    "Xtreme97", "Tolsimir"
  ],
  "version": "1.0",
  "sourceGame": "custom",
  "objectType": "scenery_large",
  "properties": {
    "price": 1,
    "removalPrice": -1,
    "cursor": "CURSOR_HOUSE_DOWN",
    "hasPrimaryColour": true,
    "hasSecondaryColour": true,
    "tiles": [
      {
        "x": 0,
        "y": 0,
        "clearance": 8,
        "hasSupports": false,
        "walls": 15,
        "corners": 3
      },
      {
        "x": 32,
        "y": 0,
        "clearance": 8,
        "hasSupports": false,
        "walls": 15,
        "corners": 8
      },
      {
        "x": 32,
        "y": 32,
        "clearance": 8,
        "hasSupports": false,
        "walls": 15
      },
      {
        "x": 64,
        "y": 32,
        "clearance": 8,
        "hasSupports": false,
        "walls": 15,
        "corners": 8
      },
      {
        "x": 64,
        "y": 64,
        "clearance": 8,
        "hasSupports": false,
        "walls": 15,
        "corners": 6
      }
    ]
  },
  "images": [
    {
      "path": "images/00.png",
      "x": -32,
      "y": 0
    },
    {
      "path": "images/01.png",
      "x": -32,
      "y": 0
    },
    {
      "path": "images/02.png",
      "x": -32,
      "y": 0
    },
    {
      "path": "images/03.png",
      "x": -32,
      "y": 0
    },
    {
      "path": "images/04.png",
      "x": -32,
      "y": 5
    },
    {
      "path": "images/05.png",
      "x": -14,
      "y": -8
    },
    {
      "path": "images/06.png",
      "x": 16,
      "y": 0
    },
    {
      "path": "images/07.png",
      "x": -6,
      "y": 15
    },
    {
      "path": "images/08.png",
      "x": 12,
      "y": -2
    },
    {
      "path": "images/09.png",
      "x": -8,
      "y": 14
    },
    {
      "path": "images/10.png",
      "x": -27,
      "y": 4
    },
    {
      "path": "images/11.png",
      "x": -24,
      "y": -9
    },
    {
      "path": "images/12.png",
      "x": -11,
      "y": -5
    },
    {
      "path": "images/13.png",
      "x": -29,
      "y": 4
    },
    {
      "path": "images/14.png",
      "x": 2,
      "y": -5
    },
    {
      "path": "images/15.png",
      "x": -32,
      "y": 4
    },
    {
      "path": "images/16.png",
      "x": 10,
      "y": 4
    },
    {
      "path": "images/17.png",
      "x": -24,
      "y": 14
    },
    {
      "path": "images/18.png",
      "x": -29,
      "y": -2
    },
    {
      "path": "images/19.png",
      "x": -6,
      "y": -9
    },
    {
      "path": "images/20.png",
      "x": -32,
      "y": 0
    },
    {
      "path": "images/21.png",
      "x": -6,
      "y": -8
    },
    {
      "path": "images/22.png",
      "x": 14,
      "y": 5
    },
    {
      "path": "images/23.png",
      "x": -14,
      "y": 15
    }
  ],
  "strings": {
    "name": {
      "en-GB": "Xtreme97 & Tolsimir - Crown Moulding 2x2 Curve Outside"
    }
  }
}